instance, recommended_parameter, param_value_pred, param_value_real, default_value, improvement_pred, improvement_real
neos-631694,str10tr20zhifmvdvo7,16959.3341816,42302.81698,25906.248111,1.52755101313,-1.63291947173
egout,zhifmvmultiple4,11035.1096163,265207.1184,265207.1184,24.0330298132,1.0
core2536-691,zhifmvmultiple4,74206.811069,28474.530473,15468.800219,-4.7971924143,-1.84077175152
bell3a,str10tr20zhifmvdvo7,28082.0334081,732.226826,732.407338,-38.3420972881,1.0002465247
d20200,zhifmvmultiple4,8020.9256422,7712.144214,5956.449415,-1.34659510782,-1.2947552605
neos-801834,str10tr20zhifmvdvo7,955285.736462,18856.961371,7772.25927,-122.909658991,-2.42618789671
neos-1337307,str10tr20zhifmvdvo7,51707.7703378,3976.348646,3728.829555,-13.8670243772,-1.06637983511
planar150_s,zhifmvmultiple4,192192.081165,352.6718,263.3588,-729.772770703,-1.33913049422
neos-934531,zhifmvmultiple4,32680.4442077,344623.92185,383168.300595,11.7246968297,1.11184475685
n050w4-0,zhifmvnodeupfewest,33036.0462394,31277.193011,65125.077017,1.97133387407,2.08219059153
e40400,zhifmvmultiple4,18903.2074747,28416.539056,19138.241843,1.01243357079,-1.48480405301
neos-912023,hr0,268207.182664,1007.903036,979.479248,-273.826304346,-1.02901928556
acc-tight5,zhifmvmultiple4,-25755.7915292,119933.5878,187296.1832,-7.2720026091,1.56166580718
e20200,zhifmvmultiple4,10700.1465386,1011.775627,3081.621339,-3.4722457309,3.04575565646
mcsched,str10tr20zhifmvdvo7,31590.1004564,7745.3228,9604.093581,-3.28923288699,1.23998622511
l152lav,zhifmvmultiple2ltmend1lylgmiend1ly,21392.530828,4459.405275,4457.629003,-4.79908283385,-1.0003984791
blend2,zhifmvlgmiend1lyltmend1lystr10tr20,-48527.8724557,23886.821386,23685.1488,-0.488073092873,-1.00851472742
danoint,zhifmvmultiple2str10tr20dvo7,175307.958392,11607.507368,11775.024763,-14.8881180228,1.01443181466
dfn-gwin-UUM,zhifmvhr0nve1str10tr20dvo7rnd1rns1,3274.0544384,2266.374139,3066.394846,-1.06772108708,1.35299586826
neos-948346,str10tr20zhifmvdvo7,16130.4497053,37254.165744,15863.460324,-1.01683046295,-2.34842619347
neos-1330346,str10tr20zhifmv,20489.4991392,68981.790818,69179.11104,3.37632025898,1.00286046824
lectsched-4-obj,zhifmvpptn5005043,12293.2804964,39266.410601,24550.183041,1.99704082635,-1.59943453519
n030w4-1,zhifmvnodeupfewest,22394.773341,9639.929625,8984.180538,-2.49268959436,-1.07298930428
dcmulti,zhifmvmultiple4,11123.0085136,1510.053385,2289.3552,-4.85857699741,1.51607567172
rmatr100-p5,zhifmvmultiple4,230106.001239,42734.845056,54654.318848,-4.21020709963,1.27891697692
mas74,zhifmvmultiple4,29002.7932014,1749.151795,2328.458162,-12.4557931402,1.33119273505
ds,zhifmvmultiple2str10tr20dvo7,38525.7174946,348048.076964,326895.484804,8.48512386174,-1.06470750788
gesa2-o,zhifmvmultiple2dvo7,-1616.53251084,145.716412,155.722814,-0.096331383969,1.06867038423
qnet1,str10tr20zhifmvdvo7,6238.89037552,7703.203205,3674.393928,-1.6979372647,-2.09645545795
neos-1396125,str10tr20zhifmvdvo7,6575.5523132,259007.708848,845412.742644,128.569084752,3.26404471282
a05100,zhifmvmultiple4,2501.85359539,57.2436,57.2436,-43.705385325,1.0
rmine6,zhifmvmultiple4,16933.4513136,1008.857447,1487.441733,-11.3842787505,1.47438246843
mitre,str10tr20zhifmvdvo7,15207.5167303,1658.518139,1660.79391,-9.15677534624,1.00137217131
a1c1s1,zhifmvmultiple4,-24952.0205153,91492.166769,99064.095152,-3.97018330003,1.0827604007
sprint_hint01_j,zhifmvmultiple4,48851.0258622,26956.373679,35160.060926,-1.38938968181,1.30433200492
rgn,zhifmvltmend1lyroot,207004.753626,46809.226342,48146.4792,-4.29947853023,1.02856814698
modglob,str10tr20zhifmvdvo7,20351.3116755,1411.488223,1411.487825,-14.4183402187,-1.00000028197
ash608gpia-3col,zhifmvmultiple2str10tr20dvo7,63035.4715734,1080046.9466,1080043.5115,17.1339007156,-1.00000318052
noswot,zhifmvmultiple2dvo7,53445.4657133,16744.1868,10605.481817,-5.03941891896,-1.57882377142
pk1,str10tr20zhifmvdvo7,934639.236291,70541.087495,40095.974263,-23.3100517813,-1.75930598499
aflow30a,zhifmvxpsve2str10tr20dvo7,4288.11122795,20390.292906,20177.024585,4.70534076949,-1.0105698598
reblock67,zhifmvpptn5005043,16499.9260541,3701.312841,3581.409427,-4.60710409977,-1.03347939308
layer2,str10tr20zhifmvdvo7,14213.9308265,18791.920726,16134.777675,1.13513832816,-1.16468420604
pg5_34,zhifmvmultiple4,11637.4492961,414.390154,303.923451,-38.290725042,-1.36346883611
enlight14,zhifmvmultiple2str10tr20dvo7,21487.5689742,1080020.6106,1080013.7406,50.2622582339,-1.00000636103
n030w4-3,zhifmvmultiple4,69557.0832272,7765.796287,11041.72655,-6.2994752598,1.42184087014
n030w4-2,zhifmvpptn5005043,13086.6973263,5412.332701,12602.21489,-1.03844422909,2.32842576135
neos-1120495,zhifmvmultiple4,34069.5689345,3848.091179,17857.304091,-1.90787863391,4.64056158244
app1-2,zhifmvhr0nve1str10tr20dvo7rnd1rns1,652861.569772,1001322.3497,999390.328513,1.53078443392,-1.00193319981
enlight13,str10tr20zhifmvdvo7,1055886.55642,966573.851844,969472.182567,-1.08913548569,1.00299856107
neos-632335,str10tr20zhifmvdvo7,104626.678587,124564.944818,124573.712221,1.19064959247,1.00007038419
neos-1223462,zhifmvpptn5005043,10191.9340767,50796.1832,31188.5496,3.0601208137,-1.62868052062
neos-686190,str10tr20zhifmvdvo7,179829.797221,41904.612983,88438.873682,-2.03337955058,2.11048062221
yue20023.1.150,zhifmvpptn5005043,103240.455785,52309.502403,81983.992859,-1.2592757706,1.56728680436
d05100,zhifmvmultiple4,10428.2108727,148.798409,164.821321,-63.2697930673,1.10768201157
gen,zhifmvmultiple4,8460.77685563,587.7324,587.7324,-14.3956277647,1.0
protfold,zhifmvlgmiend1lyltmend1ly,78997.4613057,351645.372099,230876.182479,2.92257724062,-1.52309072475
layer3,zhifmvmultiple4,58829.9831107,27977.720931,38255.862222,-1.53780308935,1.36736878305
ns1208400,zhifmvmultiple4,23193.1255214,1080029.771,1080030.916,46.5668551228,1.00000106016
neos-960392,str10tr20zhifmvdvo7,4896.86773307,29835.220489,18650.983119,3.80875778879,-1.59965940126
dano3mip,zhifmvmultiple4,-50591.0560726,32970.611071,22402.860516,-0.442822551161,-1.47171433967
neos-555884,str10tr20zhifmvdvo7,42250.9206045,19735.221317,11146.128886,-3.79063628607,-1.7705897284
sp98ar,str10tr20zhifmvdvo7,3901.08729271,7589.360162,7028.234782,1.80160920652,-1.07983873581
neos-916792,zhifmvmultiple2passf45,44394.7024883,14493.146724,17287.192479,-2.56806896448,1.19278392803
opm2-z7-s2,str10tr20zhifmv,35246.01939,76504.937776,83157.232073,2.35933684179,1.08695248294
zib54-UUE,zhifmvmultiple4,89581.9006305,41105.688049,39821.48862,-2.24958693748,-1.03224890564
tr12-30,str10tr20zhifmvdvo7,19558.5481705,92283.755696,88537.021959,4.52676861224,-1.04231827154
c201600,zhifmvpptn5005043,33940.1560872,1198.458783,1172.806958,-28.9392519849,-1.02187216304
neos-1215891,cts0,54065.213481,3811.288486,22314.335027,-2.42289153657,5.85480083939
neos-957323,zhifmvpptn5005043,9491.87367641,13056.840573,11784.180254,1.24150201064,-1.10799735676
lseu,zhifmvmultiple4,45099.3974355,5045.1732,21088.6704,-2.13856049623,4.17996955982
gt2,str10tr20zhifmvdvo7,16588.0030809,131063.4036,131063.4036,7.90109592821,1.0
br2,zhifmvmultiple4,15499.9799017,89488.538612,116772.24574,7.53370304225,1.30488493332
neos-1437164,xpsve2,31655.4561254,16663.05,16667.577002,-1.8992236317,1.00027167907
neos-641591,zhifmvmultiple4,36171.723458,11616.989314,4276.537427,-8.45818002893,-2.71644747937
neos-785899,str10tr20zhifmvdvo7,11884.9013489,8758.476245,7745.563671,-1.53441400184,-1.13077325512
bnatt350,zhifmvmultiple4,12974.9553564,720013.7404,720009.1604,55.4922264181,-1.00000636103
e10400,zhifmvmultiple4,7919.63497408,47.250806,111.633126,-70.9434131056,2.36256554015
a10100,zhifmvmultiple4,4894.67173013,381.1752,381.1752,-12.8410025892,1.0
neos-799838,zhifmvmultiple4,24700.6143652,33661.421904,35382.57976,1.43245747805,1.05113146619
flugpl,zhifmvmultiple2ltmend1lylgmiend1lyrdcifmv,132.939133902,4436.9136,4639.7304,34.90116314,1.04571123494
neos-957389,zhifmvmultiple4,5225.43595279,720508.397,4536.6412,-1.15182923278,-158.819788746
neos-849702,zhifmvmultiple4,7924.19406645,720032.061,720029.771,90.8647321055,-1.00000318042
neos-957143,cts0,72583.1097655,13249.946929,13632.260748,-5.32436336916,1.0288539887
air05,zhifmvmultiple4,9185.0203267,5979.977633,7162.444035,-1.28238633095,1.19773759612
pdistuchoa,zhifmvhr0nve1str10tr20dvo7rnd1rns1,-28916.907648,135152.866469,113683.243687,-3.93137624088,-1.1888547695
ns1766074,zhifmvxpsve2str10tr20dvo7,656904.079506,1080000.0,1080000.0,1.64407564772,1.0
eilC76.2,xpsve2,36312.2341567,36796.248336,30758.969024,-1.18054132856,-1.19627703735
neos-565815,str10tr20zhifmvdvo7,12862.8800992,55108.993493,54312.911242,4.22245335594,-1.01465732977
timtab2,zhifmvlgmiend1lyltmend1lystr10tr20,69449.4045411,214301.839231,212084.568037,3.0537996609,-1.01045465596
t1717,zhifmvlgmiend1lyltmend1ly,320547.46651,78689.39016,71434.953722,-4.48726358468,-1.10155303615
timtab1,zhifmvmultiple4,11035.6743881,116439.375734,116605.644337,10.5662454542,1.00142794138
neos-1441553,str10tr20zhifmvdvo7,13883.7390044,16720.030731,210.706649,-65.8913189038,-79.3521742686
neos-631710,str10tr20zhifmvdvo7,181538.825792,739843.5114,737232.8244,4.06102012163,-1.00354119745
p0548,str10tr20zhifmvdvo7,9382.94240993,346941.4572,346941.4572,36.9757632566,1.0
yue20013.1.150,zhifmvpptn5005043,147803.289361,324119.215458,360593.285463,2.43968376497,1.11253288378
disctom,zhifmvmultiple4,13963.8292841,595.4198,462.5954,-30.1858368763,-1.28712866578
vpm2,str10tr20zhifmvdvo7,76682.629528,18399.678222,18208.406497,-4.21138607272,-1.01050458342
pigeon-10,zhifmvnodeupfewest,25265.3381262,36000.0,36004.4655,1.42505377606,1.00012404167
ibarra,zhifmvnodeupfewest,82989.0523028,41462.439113,48177.649159,-1.72256334112,1.16195887627
harp2,zhifmvmultiple4,31257742.9058,31.885493,214.541675,-145695.436123,6.72850424486
irp,zhifmvmultiple4,15578.6225689,861.643088,1114.606162,-13.9767956611,1.29358220071
eilA101.2,zhifmvlgmiend1lyltmend1ly,6775.52925122,42332.06901,54686.341877,8.07115427435,1.29184193345
nug08,zhifmvmultiple4,-7818.06994131,11588.333911,15729.014578,-2.01187949149,1.35731458023
neos-709469,str10tr20zhifmvdvo7,1176699.10578,251.9084,258.7786,-4547.12679403,1.02727261179
csched010,zhifmvmultiple4,76913.1648735,757119.360424,113519.1288,1.47593885893,-6.66953110394
newdano,zhifmvmultiple2str10tr20dvo7,175495.288744,91371.71733,88137.097768,-1.99116255457,-1.03669986469
cov1075,zhifmvhr0nve1str10tr20dvo7rnd1rns1,103188.616469,33005.522864,31862.944656,-3.23851475696,-1.03585915302
neos-860244,zhifmvxpsve2str10tr20dvo7,666070.8882,68166.604033,20098.732269,-33.1399453103,-3.39158724643
bley_xl1,cts0,33615522084.0,50220.559456,21684.802184,-1550188.0902,-2.31593348327
trd445c,zhifmvpptn5005043,119558.592475,16553.491055,16894.619794,-7.07672584129,1.02060766142
iis-pima-cov,zhifmvmultiple4,45672.2356137,46326.120372,50587.76284,1.10762615756,1.09199221592
A-2,zhifmvmultiple4,-2417.87198885,295852.316389,79878.724819,-33.0367882119,-3.70376864502
netdiversion,zhifmvhr0nve1str10tr20dvo7rnd1rns1,999649.101707,293067.479795,103334.545887,-9.67391004747,-2.8361036213
dsbmip,zhifmvmultiple4,9345.98925034,32.273595,23.113197,-404.357270452,-1.39632760453
a20200,zhifmvmultiple2str10tr20dvo7,2151.75525561,261.611982,257.0328,-8.37152011574,-1.01781555506
bs24_t,zhifmvmultiple4,-4283.82956955,202812.610757,169530.825064,-39.5745961205,-1.19631701598
fiber,zhifmvmultiple4,34147.9499554,12565.387483,6429.183411,-5.31139769585,-1.95442977432
neos-1597104,zhifmvmultiple4,213472.445797,7259.542,5354.1984,-39.8701037669,-1.35585973056
m100n500k4r1,zhifmvmultiple2ltmend1lylgmiend1ly,13319.6045481,14442.183056,14435.63344,1.08378844041,-1.00045371171
nw04,zhifmvmultiple2ltmend1lylgmiend1ly,18684.5560755,14579.231299,12693.678779,-1.47195753105,-1.14854263707
aflow40b,str10tr20zhifmvdvo7,7881.95428629,10609.038187,19224.850955,2.43909698746,1.81212006368
triptim1,zhifmvmultiple4,437715.825852,41313.829037,39958.160154,-10.9543538583,-1.03392720981
mine-166-5,str10tr20zhifmvdvo7,24741.149387,4872.769425,6374.629194,-3.88119036168,1.30821482365
glass4,zhifmvmultiple2str10tr20dvo7,45383.7693002,139400.441041,126792.801516,2.79379177779,-1.09943497875
T2_300_1000_0,zhifmvmultiple2str10tr20dvo7,60856.5026843,5095.727174,5461.524,-11.1427694329,1.07178500997
neos-1622252,zhifmvpptn5005043,60545.2726924,86846.3097,86788.803233,1.43345300754,-1.00066260237
neos-1109824,str10tr20zhifmvdvo7,13170.5393757,14406.077319,5884.435043,-2.23819946681,-2.44816659777
eilD76,zhifmvmultiple4,25515.1938117,72387.773845,74082.997829,2.90348560061,1.02341865061
neos-825075,zhifmvmultiple4,26300.1456472,21993.984843,4652.946837,-5.65236323743,-4.72689364686
mkc,zhifmvmultiple4,-36737.2418919,8891.702435,15810.617628,-0.430370294932,1.77813166191
neos-953928,zhifmvmultiple4,81716.5374623,16955.155099,7890.046045,-10.3569151557,-2.14892980374
neos-662469,zhifmvmultiple4,36171.723458,9171.406081,4914.11671,-7.36077826243,-1.86633867737
rentacar,zhifmvhr0nve1str10tr20dvo7rnd1rns1,26123.5642804,10886.565864,10469.674068,-2.49516499852,-1.03981898513
p2756,str10tr20zhifmvdvo7,11920.3734939,418.896,547.8372,-21.7589705371,1.30781196287
map18,str10tr20zhifmvdvo7,74888.7906038,91730.523951,103540.456878,1.38258951765,1.1287459443
vpm1,xpsve2,16327.4047736,82499.4,82499.4,5.05281771008,1.0
biella1,zhifmvmultiple4,22781.2300272,6138.397758,3991.2104,-5.70784993626,-1.53797899454
neos-1440225,zhifmvhr0nve1str10tr20dvo7rnd1rns1,143373.022958,439410.687,17214.5038,-8.32861781109,-25.525608644
stdc6262p,zhifmvmultiple4,147015.978817,37900.788001,34709.368546,-4.23562815965,-1.09194691775
map20,str10tr20zhifmvdvo7,101556.898488,68491.924463,69926.993892,-1.45232753241,1.02095238877
10teams,zhifmvlgmiend1lyltmend1ly,5144.62143662,645.266038,351.622058,-14.6311112161,-1.83511251163
neos-1281048,hr0,260187.68655,1126.409929,1240.54461,-209.736662795,1.10132606084
neos-1516309,str10tr20zhifmvdvo7,14229.475366,4159.877584,4159.877584,-3.42064762212,1.0
p6b,str10tr20zhifmvdvo7,61140.5166588,43459.092359,49468.499006,-1.2359484902,1.138277316
a10200,zhifmvpptn5005043,10657.1520533,0.0,0.0,-10657.1520533,0.0
neos-780889,str10tr20zhifmvdvo7,180801.927028,10843.5116,10280.1528,-17.5874746753,-1.05480062514
binkar10_1,zhifmvhr0nve1str10tr20dvo7rnd1rns1,21378.3243872,1611.441146,108.793215,-196.504206509,-14.8119636505
neos-808214,str10tr20zhifmvdvo7,14291.3530446,146453.58768,73708.39696,5.15755203373,-1.98693220475
neos-777800,zhifmvmultiple4,19506.9141689,636.6412,652.6718,-29.8877845939,1.02517996008
n3seq24,zhifmvmultiple4,-4399.32645772,732257.618696,735381.293028,-167.157700183,1.00426581336
p0033,zhifmvmultiple4,10733.0042118,66246.2928,66246.2928,6.17220411852,1.0
neos-633273,zhifmvmultiple4,-2436.40912082,120534.573685,120073.820423,-49.2831107045,-1.00383724995
d10100,zhifmvlgmiend1lyltmend1ly,6009.05908013,3595.134156,3355.102219,-1.79102116356,-1.07154236185
gmu-35-40,str10tr20zhifmvdvo7,15465.6457489,226.866977,234.206572,-66.0342091038,1.03235197602
eilA76,zhifmvmultiple2ltmend1lylgmiend1ly,27671.0416637,22157.543706,25895.883122,-1.06854983602,1.1687163282
A-1,zhifmvpptn5005043,31024.0855857,865.70102,9532.950458,-3.2544054144,11.0118276839
eilD76.2,zhifmvmultiple2ltmend1lylgmiend1ly,23580.3238335,38838.131754,63882.376583,2.7091390701,1.64483649697
draw-product,zhifmvmultiple4,10524.1247012,72136.373931,68237.426142,6.48390513031,-1.05713796679
tanglegram2,zhifmvmultiple4,40348.4359145,292736.896889,340466.295492,8.43815349407,1.16304538003
tanglegram1,zhifmvmultiple4,286257.193429,1078283.64802,1085335.95479,3.79147137504,1.00654030763
bab5,str10tr20zhifmvdvo7,28477.0790344,99783.219962,33138.081729,1.16367558938,-3.01113446391
neos-950242,zhifmvmultiple4,45876.5337675,272939.081339,63924.645561,1.39340617765,-4.26970034708
neos-1601936,zhifmvmultiple4,28581.5662699,271655.029462,153760.826855,5.37972011061,-1.76673756911
beasleyC3,zhifmvmultiple4,59863.5417859,31932.393173,56353.453197,-1.06228701863,1.76477387372
mas76,str10tr20zhifmvdvo7,41256.8122219,8653.614046,8467.091552,-4.87260731368,-1.02202911033
markshare2,str10tr20zhifmvdvo7,533467.627942,686577.123021,693914.878642,1.30076286225,1.01068744555
p0282,zhifmvmultiple2str10tr20dvo7,15487.895852,1011.677944,1128.465473,-13.7247405637,1.11543943376
markshare1,str10tr20zhifmvdvo7,713147.769696,606851.727835,615004.763626,-1.15958088762,1.0134349717
bienst2,str10tr20zhifmvdvo7,77779.7478964,4846.17611,6760.349622,-11.5052848219,1.3949863704
iis-100-0-cov,zhifmvpptn5005043,58003.0348929,75647.557344,75140.350216,1.29545549392,-1.00675012994
neos-912015,hr0,267688.813071,6548.309721,3011.4504,-88.8903277541,-2.17447038842
eilC76,zhifmvmultiple2ltmend1lylgmiend1ly,23215.1586467,35882.056521,39567.732364,1.70439207271,1.10271640481
neos-791021,zhifmvmultiple4,51832.7153297,14414.439708,6873.938253,-7.54046856721,-2.09696962316
p0201,zhifmvhr0nve1str10tr20dvo7rnd1rns1,93617.9858233,7208.500517,7567.941013,-12.3703376734,1.04986342099
mzzv11,cts0,28153.0677901,31076.285733,26279.431281,-1.07129669166,-1.18253265836
neos-1599274,zhifmvpptn5005043,6830.03727458,9763.214818,9765.504818,1.42978792434,1.00023455389
mod008,zhifmvmultiple2ltmend1lylgmiend1ly,12304.4518964,18843.1272,4890.9456,-2.51576134816,-3.85265524115
draw-gemcutter,zhifmvltmend1lyroot,930804.066936,2465.340492,4991.159267,-186.49055603,2.02453141187
eilB76,zhifmvmultiple4,32932.7037974,7608.847291,8321.644955,-3.95747523182,1.09368011168
atlanta-ip,zhifmvmultiple4,21434.9896029,93209.452074,69359.464219,3.23580582515,-1.34386061259
neos-785914,zhifmvmultiple4,16877.3071652,22.9008,18.3208,-921.210163593,-1.24998908345
30n20b8,zhifmvmultiple4,-126562.712265,388275.814485,842135.790435,-6.65390125862,2.16891127137
T1_300_5000_0,str10tr20zhifmvdvo7,21805.1983667,54231.760503,60005.203816,2.75187608051,1.1064587109
sp98ic,str10tr20zhifmvdvo7,14236.0104887,1709.703709,3497.887057,-4.06988855179,2.04590247923
fixnet6,zhifmvxpsve2str10tr20dvo7,4558.87568042,24722.626308,24718.736393,5.42211240793,-1.00015736707
pp08a,str10tr20zhifmvdvo7,4203.96717087,24814.555805,24813.842976,5.90248257597,-1.00002872707
eil33-2,zhifmvmultiple4,5309.59999388,5897.748864,4892.19402,-1.08532081356,-1.20554271558
neos-631784,zhifmvmultiple4,46602.1151054,90126.112394,35549.208319,-1.3109185073,-2.53524949375
neos-810286,zhifmvpptn5005043,91702.6989279,4264.122,4238.9314,-21.6334472711,-1.00594267697
neos8,zhifmvmultiple4,40383.6828474,18092.336001,17582.579428,-2.29680081997,-1.02899213822
iis-bupa-cov,zhifmvmultiple2dvo7,44864.0206424,68380.204558,62188.058438,1.38614545793,-1.09957130477
c05100,zhifmvmultiple4,5387.50991651,659.1492,639.8712,-8.41967870488,-1.03012793825
qnet1_o,str10tr20zhifmvdvo7,14518.497725,3283.7868,3283.7868,-4.42126685112,1.0
c10100,zhifmvpptn5005043,1390.0611755,886.890995,1063.327906,-1.30727423559,1.19893866551
misc06,zhifmvmultiple4,22789.2068474,265923.726003,265955.426126,11.6702361739,1.00011920758
misc07,zhifmvmultiple2ltmend1lylgmiend1lyrdcifmv,88287.0950165,101363.707898,108206.99315,1.22562638549,1.06751218354
br5,zhifmvmultiple4,99654.774322,89389.866411,87571.795389,-1.13797797429,-1.02076091981
neos1,zhifmvxpsve2str10tr20dvo7,879676.596652,19500.570394,15074.783514,-58.3541777456,-1.2935887521
br3,cts0,44505.5149747,63736.734736,42604.085927,-1.04463020404,-1.49602399275
n080w8-1,str10tr20zhifmvdvo7,4821.50155275,110440.812712,79952.930837,16.5825790912,-1.3813228803
br1,zhifmvmultiple4,17335.4420031,34616.771615,58371.468081,3.36717506659,1.68621929076
sp98ir,zhifmvxpsve2str10tr20dvo7,360697.060066,5341.501071,756.674092,-476.687472029,-7.05918324345
n4-3,zhifmvmultiple4,51795.5382115,53788.190019,75268.791533,1.45319064406,1.39935535117
rail507,str10tr20zhifmvdvo7,15327.668143,15341.720468,15347.956627,1.00132365105,1.00040648368
neos18,zhifmvmultiple4,716658.754088,48223.115213,25932.571597,-27.6354680602,-1.85955777786
neos-859770,zhifmvmultiple4,20666.9266097,1080032.0611,1080020.6107,52.2584045077,-1.00001060202
neos-948268,zhifmvhr0nve1str10tr20dvo7rnd1rns1,610496.218219,57725.9542,1298.4732,-470.16466587,-44.4567929473
bl15_t,zhifmvmultiple4,172766.500653,14578.499656,14316.848269,-12.0673557062,-1.01827576727
neos16,str10tr20zhifmvdvo7,12977.0116166,49481.401355,35074.447297,2.70281389378,-1.41075355902
layer4,zhifmvlgmiend1lyltmend1lystr10tr20,29879.4867567,61632.983709,61638.616422,2.06290746973,1.00009139121
neos10,zhifmvpptn5005043,17004.6337187,34338.438886,23821.813858,1.40090132208,-1.4414703721
neos13,zhifmvmultiple4,37403.9123595,36825.483341,33073.645479,-1.1309280189,-1.11343889697
mod011,xpsve2,28420.1615292,13211.298134,12174.154021,-2.33446705867,-1.08519229436
mod010,zhifmvmultiple4,2421.43443528,888.992848,884.415632,-2.73789194544,-1.00517541282
neos-506428,zhifmvpptn5005043,89416.3166233,514475.686995,495126.030637,5.53731186136,-1.03908026474
neos-934278,zhifmvmultiple2str10tr20dvo7,258923.048597,50821.684328,44082.990712,-5.8735363553,-1.15286380318
n050w4-3,zhifmvmultiple4,12928.9359148,21219.446769,16181.424205,1.25156658767,-1.31134605336
n050w4-1,cts0,244372.790436,60302.171387,16195.594855,-15.0888431468,-3.7233687263
neos-820879,zhifmvmultiple2dvo7,69991.1646058,3937.406478,3228.079918,-21.6819801194,-1.21973636899
air03,zhifmvmultiple4,3322.90116567,1703.624025,1692.173625,-1.96368807348,-1.00676668152
mine-90-10,str10tr20zhifmvdvo7,31170.5175649,7377.003053,7274.708634,-4.28477883214,-1.0140616517
rd-rplusc-21,zhifmvmultiple4,-456124.066311,721694.6564,721676.3358,-1.58219306786,-1.00002538617
air04,zhifmvmultiple4,-265351.482301,5032.301078,7117.56383,-0.0268231545883,1.41437559472
rococoC10-001000,str10tr20zhifmvdvo7,3191649.91881,7907.530489,10784.320672,-295.952801839,1.3638038686
neos-538916,zhifmvmultiple4,6332.9707232,23094.868492,18863.215949,2.97857305417,-1.22433356828
neos-905856,zhifmvpptn5005043,8264.41811233,642845.89569,290310.742471,35.1277898244,-2.21433726571
unitcal_7,xpsve2,26398.3551761,84508.48234,123309.117398,4.67109092879,1.45913302409
ran16x16,zhifmvhr0nve1str10tr20dvo7rnd1rns1,16034.2712328,1498.026631,1949.572993,-8.22450418138,1.30142745974
vpphard,zhifmvhr0nve1str10tr20dvo7rnd1rns1,902889.498132,630901.685303,714307.507528,-1.26400673186,1.13220098181
d801600,zhifmvmultiple4,33346.0781679,15480.425465,5931.058474,-5.62228113482,-2.61006117759
tas010,zhifmvmultiple4,39540.5214062,25452.028621,19271.128148,-2.0518010727,-1.3207337124
sprint01_j,zhifmvmultiple4,35534.0888586,8896.232914,8171.278058,-4.34865740786,-1.08871988578
neos-1354092,zhifmvpptn5005043,6995.31634624,131365.632315,130755.17521,18.6918173158,-1.0046687032
neos-956971,str10tr20zhifmvdvo7,17164.2423905,7158.08178,6606.704118,-2.59800379795,-1.08345729613
neos-655508,zhifmvmultiple4,-76229.0064137,261.30992,23.141996,-0.000303585171692,-11.2915895414
layer,str10tr20zhifmvdvo7,11535.3959715,3634.398928,4298.618886,-2.68351214132,1.18275923231
medium_hidden05,zhifmvmultiple2passf45,44852.5747827,468815.584241,544475.123663,12.1392166738,1.16138443765
sprint_hidden01_j,zhifmvmultiple4,7719.13044364,40109.983482,117677.031765,15.244855962,2.9338588937
mzzv42z,str10tr20zhifmvdvo7,40037.9663739,11112.648649,12267.017627,-3.26387126776,1.10387883343
manna81,str10tr20zhifmvdvo7,-6660.98819017,3619.096677,3619.088588,-0.543326077855,-1.00000223509
mik-250-1-100-1,str10tr20zhifmvdvo7,-586.169123934,682.942122,511.441128,-0.872514615863,-1.33532890613
sp97ic,zhifmvmultiple2str10tr20dvo7,1281.64751458,4251.867154,7251.495824,5.65794864931,1.70548504018
opt1217,zhifmvhr0nve1str10tr20dvo7rnd1rns1,-108253.878016,40009.877622,40025.228,-0.369734819052,1.00038366471
gesa3,zhifmvmultiple2str10tr20dvo7,4860.45554738,61.664692,90.932925,-53.4509975059,1.47463519318
gesa2,zhifmvmultiple4,6458.84629025,36.924078,38.158058,-169.265592349,1.03341938558
neos-1620807,zhifmvmultiple4,-3609.63007451,60725.869123,60231.983141,-16.686469776,-1.00819972972
rmatr100-p10,zhifmvmultiple4,24561.2683211,31494.4106,31550.243874,1.28455271371,1.00177279946
khb05250,zhifmvmultiple4,11344.4154938,37099.8936,34.9776,-324.333730554,-1060.67579251
msc98-ip,zhifmvmultiple4,2773087.83641,88462.753373,110944.793236,-24.9952048719,1.25414130813
qiu,zhifmvpptn5005043,81985.2669812,28750.266304,28717.138311,-2.85492468272,-1.0011535966
c10400,zhifmvmultiple4,4240.00776296,83.714095,127.686501,-33.206390102,1.52526884511
T2_300_5000_0,zhifmvmultiple2str10tr20dvo7,60856.5026843,34063.134845,39893.69153,-1.52546681819,1.17116911616
satellites1-25,zhifmvmultiple4,31806.5546691,291732.705625,343327.574723,10.7942396872,1.17685665029
stein45,zhifmvmultiple2ltmend1lylgmiend1ly,31951.6001135,96000.0012,84055.69322,2.63071936684,-1.1420999283
nsrand-ipx,str10tr20zhifmvdvo7,8855.74864475,9175.06931,8290.923071,-1.0681257767,-1.10664026568
ns1688347,str10tr20zhifmvdvo7,7874.92887104,989185.590444,979739.359387,124.412470948,-1.00964157555
sp97ar,zhifmvpptn5005043,19914.3568254,5014.444031,5769.281009,-3.45179179076,1.15053253628
stp3d,zhifmvpptn5005043,-1695405.5831,1366382.92501,1294388.32023,-0.763468242132,-1.05562056119
neos-631709,zhifmvmultiple4,-14084.6781755,61994.804182,57905.235774,-4.11122178672,-1.07062519224
n3div36,zhifmvpptn5005043,11239.8032097,13750.102099,17648.449605,1.57017425267,1.28351407705
c60900,zhifmvpptn5005043,38734.1804496,720568.008681,720598.075398,18.6036742493,1.00004172641
long_hidden01,zhifmvmultiple4,620193.355087,603787.309443,527859.649118,-1.17492093992,-1.14384062213
rout,cts0,266150.01862,1663.945114,788.351671,-337.603164184,-2.11066352138
seymour,zhifmvmultiple4,9756.75375775,11160.83466,13148.018527,1.34758126047,1.17804975412
e201600,zhifmvmultiple4,-17319.2758798,2065.178173,39096.908545,-2.25742166222,18.9314941714
neos-1096528,str10tr20zhifmvdvo7,-19013939.2962,399232.244921,186754.465841,-0.00982197654739,-2.13773867802
neos-476283,zhifmvmultiple4,225541.774021,104072.156661,73388.201177,-3.0732702315,-1.4181047497
liu,str10tr20zhifmvdvo7,14443.4849654,49246.994913,62692.419497,4.34053274866,1.27302020373
swath,str10tr20zhifmvdvo7,8179.99595432,91880.897898,73145.720588,8.94202405435,-1.25613497494
neos-538867,zhifmvmultiple4,6313.32920337,18466.779248,6908.159108,1.09421810355,-2.67318383368
neos-957270,str10tr20zhifmvdvo7,148083.850617,35026.7176,8370.229,-17.6917322832,-4.1846785315
n030w4-0,zhifmvpptn5005043,14261.5214764,19962.828348,49648.419575,3.48128491461,2.48704335425
nrperfan,str10tr20zhifmvdvo7,35847.4337105,5293.464214,7327.205378,-4.89237463141,1.38419852894
net12,zhifmvmultiple4,27347.3340851,246452.367143,242852.18646,8.88028740587,-1.01482457595
qap10,zhifmvnodeupfewest,161411.596136,27268.378117,27030.310342,-5.97150362294,-1.00880743772
neos-941313,zhifmvmultiple4,9729.47378283,139194.055123,103211.4504,10.6081225669,-1.34862996871
ex9,str10tr20zhifmvdvo7,1016486.82999,507961.832,526204.5802,-1.93173314759,1.03591361998
neos-1595230,str10tr20zhifmvdvo7,86911.7858848,2375.463747,2343.593403,-37.0848397907,-1.01359892205
e20100,zhifmvmultiple4,1513.54514275,18929.696047,5558.735155,3.67265897659,-3.40539628516
n080w8-7,zhifmvmultiple4,17860.9123161,64528.641053,37358.003848,2.09160669885,-1.72730430982
eilB101,zhifmvmultiple4,1209616.81065,11390.343061,16422.300165,-73.6569663506,1.44177397266
neos-1224597,cts0,62167.0709081,320.6108,313.7404,-198.14812153,-1.02189835928
neos-555927,str10tr20zhifmvdvo7,-58968.5514306,2754.566496,42940.882502,-0.72819971765,15.5889801769
cap6000,zhifmvmultiple4,-90053.5507122,13.066251,5.623257,-6.24434789692e-05,-2.32360907567
misc03,zhifmvnodeupfewest,71232.5640073,101226.196897,114307.635845,1.60471039388,1.12922977795
pp08aCUTS,zhifmvmultiple4,26385.592082,20168.401339,25266.844565,-1.04427729446,1.25279362208
br4,zhifmvmultiple4,249862.55833,30518.2203,18621.623688,-13.4178717451,-1.6388592537
fast0507,zhifmvpptn5005043,11433.6801085,10850.131574,12929.709941,1.13084412178,1.1916638847
neos-611135,str10tr20zhifmvdvo7,7897.13928945,39376.564306,7994.130049,1.01228175875,-4.92568472925
neos-1620770,str10tr20zhifmvdvo7,87671.9888496,62780.438913,62992.557188,-1.39178329573,1.00337873195
ns1758913,zhifmvmultiple4,759525.35002,194622.826635,567203.997524,-1.33906910624,2.91437549917
macrophage,zhifmvxpsve2str10tr20dvo7,893739.480539,53464.652337,34266.243189,-26.0822137872,-1.56027178241
ns1830653,zhifmvhr0nve1str10tr20dvo7rnd1rns1,9237.80486215,253431.063267,158924.130248,17.2036682545,-1.59466698274
e401600,zhifmvmultiple4,30724.3637424,7435.103186,98015.383172,3.1901517634,13.1827872082
pw-myciel4,zhifmvmultiple4,52432.7064703,75664.111743,78537.21364,1.49786686454,1.03797179179
T2_200_2000_0,zhifmvmultiple2ltmend1lylgmiend1ly,31718.5070116,4618.6308,4884.678,-6.49346937742,1.05760304547
neos-544324,zhifmvpptn5005043,10572.5434887,29044.011308,29055.375106,2.74819159051,1.00039126131
gesa3_o,str10tr20zhifmvdvo7,5323.70261793,381.92687,381.974606,-13.9373207912,1.00012498728
roll3000,zhifmvmultiple2dvo7,-3612.22345017,4617.40776,12946.868161,-3.58418252348,2.80392567301
eilB101.2,zhifmvlgmiend1lyltmend1ly,6549.52152654,37413.011451,33388.307489,5.09782391793,-1.1205423175
neos-954925,zhifmvpptn5005043,-4866.64779115,25580.878432,23852.959007,-4.90131195653,-1.07244046428
neos-547911,zhifmvmultiple2str10tr20dvo7,12777.9016159,14922.117319,16008.909264,1.25285901748,1.07283094763
neos-931538,zhifmvmultiple4,19150.8666832,4789.921772,30930.250204,1.6150835738,6.45736019841
c20400,str10tr20zhifmvdvo7,-2806.74111998,967.672185,945.304204,-0.336797789177,-1.02366220409
bell5,str10tr20zhifmvdvo7,7590.56028076,2208.957072,17.476342,-434.333470972,-126.396992689
set1ch,str10tr20zhifmvdvo7,16905.914946,301.263079,308.389771,-54.8199601146,1.02365604183
enigma,str10tr20zhifmvdvo7,-1599033.04917,0.0,462.5954,-0.00028929695996,462.5954
average improvement_pred: -5577.30776654 maximum improvement: 128.569084752 (enigma)average improvement_real: -3.3880380923 maximum improvement_real: 462.5954 (enigma) 

